<?xml version="1.0" encoding="utf-8" ?>
<Defs>




  <ThingDef ParentName="MechSerumBase">
    <defName>GS_Fairy_Jar</defName>
    <label>Captured fairy</label>
    <description>A bag with a trapped fairy. It is in a constant state of panic, psychically binding the strings holding it inside in an attempt to prevent anyone from touching it. This prevents the fairy from ever being released, but ironically it does not prevent it from being processed into other items. Can also be crushed against a corpse in order to resurrect the body.</description>
    <graphicData>
      <texPath>Things/Items/Jar</texPath>
      <graphicClass>Graphic_Single</graphicClass>
    </graphicData>
    <stackLimit>10</stackLimit>
    <statBases>
      <MarketValue>5000</MarketValue>
    </statBases>
    <thingCategories>
      <li>Items</li>
    </thingCategories>
    <tradeability>Sellable</tradeability>
    <comps>
      <li Class="CompProperties_Usable">
        <useJob>UseItem</useJob>
        <useLabel>Use the captured fairy to resurrect</useLabel>
        <useDuration>0</useDuration>
      </li>
	  
	  
      <li Class="CompProperties_Targetable">
        <compClass>CompTargetable_SingleCorpse</compClass>
        <fleshCorpsesOnly>true</fleshCorpsesOnly>
        <nonDessicatedCorpsesOnly>false</nonDessicatedCorpsesOnly>
      </li>  
      <li>
        <compClass>CompTargetEffect_Resurrect</compClass>
      </li>
	  
	  
	   <li Class="CompProperties_UseEffectPlaySound">
        <soundOnUsed>GS_Use</soundOnUsed>
      </li>
	  
	  
	  
	  
    </comps>
  </ThingDef>
	
	
	

	
	
	
  
  
  
  
  
  	<ThingDef ParentName="MechSerumBase">
    <defName>GS_Fairy_Dust</defName>
    <label>Fairy dust</label>
   <description>Fairy dust from a butchered fairy. A potent healing salve, it can be used on a permanent condition to heal it.
Three bags of this can be combined together into a new fairy. Fairies normally reproduce by naturally shedding dust until enough accumulates to create a new fairy, but domesticated fairies seem to stop shedding this mystical dust.</description>
   


   <graphicData>
      <texPath>Things/Items/Dust</texPath>
      <graphicClass>Graphic_Single</graphicClass>
    </graphicData>
    <stackLimit>10</stackLimit>
    <statBases>
      <MarketValue>1300</MarketValue>
    </statBases>
    <thingCategories>
      <li>Items</li>
    </thingCategories>
    <tradeability>Sellable</tradeability>
    <comps>
      <li Class="CompProperties_Usable">
        <useJob>UseItem</useJob>
        <useLabel>use fairy dust</useLabel>
        <useDuration>600</useDuration>
      </li>
      <li Class="CompProperties_UseEffect">
        <compClass>CompUseEffect_FixWorstHealthCondition</compClass>
      </li>
      <li Class="CompProperties_UseEffectPlaySound">
        <soundOnUsed>Ingest_Snort</soundOnUsed>
      </li>
      <li Class="CompProperties_UseEffect">
        <compClass>CompUseEffect_DestroySelf</compClass>
      </li>
    </comps>
    <thingSetMakerTags>
      <li>RewardStandardHighFreq</li>
    </thingSetMakerTags>
  </ThingDef>
	
	
	
	
	
	

 <ThingDef Name="FairyEgg" >
 <defName>GS_Fairy_egg</defName>
        <label>Boxed fairy</label>
        <description>A container of fairy dust that is undergoing a process of psychically binding together into a new fairy.</description>
		
		
		
		 <recipeMaker>
      <!--<unfinishedThingDef>UnfinishedTechArmor</unfinishedThingDef>-->
      <skillRequirements>
        <Crafting>10</Crafting>
      </skillRequirements>
      <recipeUsers Inherit="False">
        <li>FueledSmithy</li>
		<li>ElectricSmithy</li>
      </recipeUsers>
    </recipeMaker>
	
	
		
        <graphicData>
		<graphicClass>Graphic_Single</graphicClass>  
         <texPath>Things/Items/Box</texPath>         
        </graphicData>
		
		
        <tickerType>Normal</tickerType>
        <stackLimit>1</stackLimit>
		
		
        <statBases>
            <MaxHitPoints>100</MaxHitPoints>
            <MarketValue>5000</MarketValue>
            <Mass>30</Mass>
            <Flammability>1.0</Flammability>
			<WorkToMake>20000</WorkToMake>
        </statBases>
			
	<costList>
      <GS_Fairy_Dust>3</GS_Fairy_Dust>
    </costList>
			
	<thingCategories>
      <li>Items</li>
    </thingCategories>
	
	
    <thingClass>ThingWithComps</thingClass>
    <category>Item</category>
    <drawerType>MapMeshOnly</drawerType>
    <resourceReadoutPriority>Middle</resourceReadoutPriority>
    <useHitPoints>true</useHitPoints>
    <selectable>true</selectable>
    <altitudeLayer>Item</altitudeLayer>
	
	
    <comps>
      <li Class="CompProperties_Forbiddable"/>
	  
			<li Class="CompProperties_Hatcher">
				<hatcherDaystoHatch>30</hatcherDaystoHatch>
				<hatcherPawn>GS_Fairy</hatcherPawn>
            </li>
	  
	  
    </comps>
	
	 <thingSetMakerTags>
      <li>RewardStandardHighFreq</li>
    </thingSetMakerTags>
	
	
    <alwaysHaulable>true</alwaysHaulable>
    <drawGUIOverlay>true</drawGUIOverlay>
    <rotatable>false</rotatable>
    <pathCost>14</pathCost>
    <allowedArchonexusCount>0</allowedArchonexusCount>
	
  </ThingDef>
	
	
	
	
´

  
  </Defs>