<?xml version="1.0" encoding="utf-8"?>
<Defs>
	<ThingDef ParentName="BaseFilth">
		<defName>GS_Fairy_Blood</defName>
		<label>ectoplasm</label>
		<statBases>
			<Beauty>-30</Beauty>
			<Cleanliness>-10</Cleanliness>
		</statBases>
		<graphicData>
			<texPath>Things/Filth/Spatter</texPath>
			<color>(227, 234, 241, 128)</color>
		</graphicData>
		<filth>
			<rainWashes>true</rainWashes>
			<cleaningWorkToReduceThickness>70</cleaningWorkToReduceThickness>
			<canFilthAttach>true</canFilthAttach>
		</filth>
	</ThingDef>
</Defs>