<?xml version="1.0" encoding="utf-8" ?>
<Defs>



	
	
	
	<RecipeDef>
    <defName>GS_Dust_Administer</defName>
    <label>administer fairy dust</label>
    <description>Administer a pouch of fairy dust.</description>
    <workerClass>Recipe_AdministerUsableItem</workerClass>
    <jobString>Administering fairy dust.</jobString>
    <targetsBodyPart>false</targetsBodyPart>
    <anesthetize>false</anesthetize>
    <workAmount>600</workAmount>
    <dontShowIfAnyIngredientMissing>true</dontShowIfAnyIngredientMissing>
    <surgerySuccessChanceFactor>99999</surgerySuccessChanceFactor>
    <ingredients>
      <li>
        <filter>
          <thingDefs>
            <li>GS_Fairy_Dust</li>
          </thingDefs>
        </filter>
        <count>1</count>
      </li>
    </ingredients>
    <fixedIngredientFilter>
      <thingDefs>
        <li>GS_Fairy_Dust</li>
      </thingDefs>
    </fixedIngredientFilter>
  </RecipeDef>
  
  
  
  <RecipeDef>
    <defName>Smelt_Fairy</defName>
    <label>smelt fairy from dust</label>
    <description>Use high temperatures to smelt dust into a living fairy.</description>
    <jobString>Smelting metal from slag.</jobString>
    <workAmount>400</workAmount>
    <workSpeedStat>SmeltingSpeed</workSpeedStat>
    <effectWorking>Smelt</effectWorking>
    <soundWorking>Recipe_Smelt</soundWorking>
	<recipeUsers>
	<li>ElectricStove</li>	
	<li>FueledStove</li>			
	</recipeUsers>
    <ingredients>
      <li>
        <filter>
          <thingDefs>
            <li>GS_Fairy_Dust</li>
          </thingDefs>
        </filter>
        <count>3</count>
      </li>
    </ingredients>
    <!-- Switched to standard products so we can do "do until you have X"
    <specialProducts>
      <li>Smelted</li>
    </specialProducts>-->
    <products>
      <GS_Fairy_egg>1</GS_Fairy_egg>
    </products>
    <fixedIngredientFilter>
      <thingDefs>
        <li>GS_Fairy_Dust</li>
      </thingDefs>
    </fixedIngredientFilter>
  </RecipeDef>
	
	</Defs>