﻿<?xml version="1.0" encoding="utf-8" ?>
<Defs>
  <ThingDef ParentName="AnimalThingBase">
    <defName>GS_Fairy</defName>
    <label>Fairy</label>

    <description>A sapient sprite largely composed of psychic energy. While a rare sight, they have shown a pattern of appearing at locations with especially concentrated points of psychic energy, such as anima trees.

While they are very timid around people, they become valuable companions when tamed. They can keep up with their master even through the roughest terrain, and provide words of encouragement and advice. Some people even claim that the advice they received sparked moments of brilliance and inspiration.

However, if these features are unneeded, fairies can be processed into valuable items such as weapons or potent medical items.</description>
    <statBases>
      <MoveSpeed>8.0</MoveSpeed>
      <MarketValue>5000</MarketValue>
      <ComfyTemperatureMin>-50</ComfyTemperatureMin>
      <ComfyTemperatureMax>50</ComfyTemperatureMax>
	  <MeatAmount>0</MeatAmount>
      <LeatherAmount>0</LeatherAmount>
    </statBases>
	
	
	<comps>
	<li Class="AnimalBehaviours.CompProperties_NoFilth">
		
	</li>
			
	<li Class="AnimalBehaviours.CompProperties_Floating">
	</li>
	
	
		<li Class="AnimalBehaviours.CompProperties_InitialHediff">
		<hediffname>FairyImmunity</hediffname>
	</li>
	
		<li Class="AnimalBehaviours.CompProperties_DieAndChangeIntoOtherDef">
		<needsDiggableTerrain>false</needsDiggableTerrain>
		<gizmoImage>Things/UI/Catch</gizmoImage>
		<gizmoLabel>GS_Fairy_Catch</gizmoLabel>
		<gizmoDesc>GS_Fairy_Catch_Desc</gizmoDesc>
		<defToChangeTo>GS_Fairy_Jar</defToChangeTo>
	</li>


	<li Class="AnimalBehaviours.CompProperties_AutoNutrition">
		<tickInterval>4000</tickInterval>
        <consumingFoodReportString>Meditating</consumingFoodReportString>		
	</li>
	
	
		<li Class="AnimalBehaviours.CompProperties_ApplyHediffWhenBound">
		<hediffToApply>GS_Fairy_Bound</hediffToApply>
		<doJobIfBondedDies>false</doJobIfBondedDies>		
	</li>
	
	
	
		<li Class="AnimalBehaviours.CompProperties_InitialAbility">
		<initialAbility>GS_Fairy_Speech</initialAbility>
	</li>
	
	
		<li Class="AnimalBehaviours.CompProperties_Draftable">
		<makeNonFleeingToo>true</makeNonFleeingToo>
	</li>

	<li Class="AnimalBehaviours.CompProperties_ThoughtEffecter">
		<radius>10</radius>
		<tickInterval>1000</tickInterval>
		<thoughtDef>GS_Fairy_Navi</thoughtDef>
	</li>
	
	

	
	
</comps>
	    <thingSetMakerTags>
      <li>RewardStandardHighFreq</li>
    </thingSetMakerTags>
	
    <tools>
      <li>
        <label>Body</label>
        <capacities>
          <li>Blunt</li>
        </capacities>
        <power>2</power>
        <cooldownTime>2</cooldownTime>
        <linkedBodyPartsGroup>HeadAttackTool</linkedBodyPartsGroup>
        <ensureLinkedBodyPartsGroupAlwaysUsable>true</ensureLinkedBodyPartsGroupAlwaysUsable>
        <chanceFactor>0.2</chanceFactor>
      </li>
    </tools>
	
	
	
    <race>
      <body>GS_Spirit</body>
	  <herdMigrationAllowed>false</herdMigrationAllowed>
	  <bloodDef>GS_Fairy_Blood</bloodDef>
	  <fleshType>FairyFlesh</fleshType>
	  <herdAnimal>false</herdAnimal>
	  <packAnimal>false</packAnimal>
      <baseBodySize>0.2</baseBodySize>
      <baseHungerRate>0.4</baseHungerRate>
      <baseHealthScale>1</baseHealthScale>
      <foodType>OmnivoreRoughAnimal</foodType>
     <!-- <leatherDef>Leather_Light</leatherDef>-->
      <wildness>0</wildness>
      <trainability>Advanced</trainability>
      <petness>0.50</petness>
	  <nuzzleMtbHours>24</nuzzleMtbHours>
      <mateMtbHours>8</mateMtbHours>
	  
      <litterSizeCurve>
        <points>
          <li>(0.5, 0)</li>
          <li>(1, 1)</li>
          <li>(2.2, 1)</li>
          <li>(2.8, 0)</li>
        </points>
      </litterSizeCurve>
      <lifeExpectancy>50000</lifeExpectancy>
	  
	  
	  
      <lifeStageAges>
        <li>
          <def>FullFairy</def>
          <minAge>0</minAge>
          <!--<soundWounded>Pawn_Boomrat_Wounded</soundWounded>-->
          <soundDeath>Pawn_Fairy_Death</soundDeath>
          <soundCall>Pawn_Fairy_Call</soundCall>
          <soundAngry>Pawn_Fairy_Angry</soundAngry>
        </li>
      </lifeStageAges>
      <soundMeleeHitPawn>Pawn_Melee_SmallScratch_HitPawn</soundMeleeHitPawn>
      <soundMeleeHitBuilding>Pawn_Melee_SmallScratch_HitBuilding</soundMeleeHitBuilding>
      <soundMeleeMiss>Pawn_Melee_SmallScratch_Miss</soundMeleeMiss>
    </race>
	
	    <tradeTags>
      <li>AnimalExotic</li>
    </tradeTags>

		<butcherProducts Inherit='False'>
			<GS_Fairy_Dust>1</GS_Fairy_Dust>
		</butcherProducts>




  </ThingDef>

  <PawnKindDef ParentName="AnimalKindBase">
    <defName>GS_Fairy</defName>
    <label>Fairy</label>
    <race>GS_Fairy</race>
    <combatPower>30</combatPower>
    <ecoSystemWeight>0.20</ecoSystemWeight>
	
    <lifeStages>
      <li>
        <bodyGraphicData>
          <texPath>Things/Fairy/Fairy</texPath>
          <color>(255,255,255)</color>
          <drawSize>0.7</drawSize>
        </bodyGraphicData>
        <dessicatedBodyGraphicData>
          <texPath>Things/Fairy/Dead</texPath>
          <drawSize>0.7</drawSize>
        </dessicatedBodyGraphicData>
      </li>
    </lifeStages>
	
	
		<alternateGraphicChance>1</alternateGraphicChance>
						<alternateGraphics>
						<li>
							<texPath>Things/Fairy/Fairy</texPath>
							<color>(255,255,255)</color>
							</li>
							<li>
							<texPath>Things/Fairy/B/Fairy</texPath>
							<color>(255,255,255)</color>
							</li>
							<li>
							<texPath>Things/Fairy/C/Fairy</texPath>
							<color>(255,255,255)</color>
							</li>
							<li>
							<texPath>Things/Fairy/D/Fairy</texPath>
							<color>(255,255,255)</color>
							</li>							
						</alternateGraphics>
  </PawnKindDef>
  
  
  
  
  


</Defs>
